{"cameraMode":{"drawMode":0,"name":"Shaded","section":"Shading Mode"},"sceneLighting":true,"audioPlay":false,"sceneViewState":{"m_AlwaysRefresh":false,"showFog":true,"showSkybox":true,"showFlares":true,"showImageEffects":true,"showParticleSystems":true,"showVisualEffectGraphs":true,"m_FxEnabled":true},"in2DMode":false,"pivot":{"x":15.204486846923829,"y":-2.3788857460021974,"z":24.072494506835939},"rotation":{"x":0.14795278012752534,"y":-0.007418076507747173,"z":0.0011066073784604669,"w":0.9889821410179138},"size":14.42870807647705,"orthographic":true}